<?xml version="1.0" encoding="UTF-8"?>
<project-private xmlns="http://www.netbeans.org/ns/project-private/1">
    <editor-bookmarks xmlns="http://www.netbeans.org/ns/editor-bookmarks/2" lastBookmarkId="0"/>
    <open-files xmlns="http://www.netbeans.org/ns/projectui-open-files/2">
        <group>
            <file>file:/D:/GDAM/2º/acceso%20a%20datos/7_SQLConnect%20copy/7_SQLConnect%20copy/JTable/src/prin/JTable.java</file>
            <file>file:/D:/GDAM/2º/acceso%20a%20datos/7_SQLConnect%20copy/7_SQLConnect%20copy/JTable/src/jtable/JTable.java</file>
            <file>file:/D:/GDAM/2º/acceso%20a%20datos/7_SQLConnect%20copy/7_SQLConnect%20copy/JTable/src/config/Conexion.java</file>
        </group>
    </open-files>
</project-private>
